<?xml version="1.0" encoding="ISO-8859-1"?>
<?xml-stylesheet href="style3.css"?>
<!DOCTYPE employees SYSTEM "employee3.dtd">
<employees>
  <employee>
    <name id="1">Name:Pranoti Bartakke</name>
    <position>Position:Software Developer</position>
    <joinyear>Joining year:2010</joinyear>
    <salary>Salary:35000</salary>
  </employee>
  <employee>
    <name id="1">Name:Mansi Raut</name>
    <position>Position:Testers</position>
    <joinyear>Joining year:2010</joinyear>
    <salary>Salary:20000</salary>
  </employee>
  <employee>
    <name id="1">Name:Rutuja Sabale</name>
    <position>Position:System Engineer</position>
    <joinyear>Joining year:2005</joinyear>
    <salary>Salary:25000</salary>
  </employee>
  <employee>
    <name id="1">Name:Priti Garudkar</name>
    <position>Position:Web Developer</position>
    <joinyear>Joining year:40000</joinyear>
    <salary>Salary:9000</salary>
  </employee>
  <employee>
    <name id="1">Name:Pranoti Bartakke</name>
    <position>Position:Software Developer</position>
    <joinyear>Joining year:2010</joinyear>
    <salary>Salary:35000</salary>
  </employee>
  <employee>
    <name id="1">Name:Mansi Raut</name>
    <position>Position:Testers</position>
    <joinyear>Joining year:2010</joinyear>
    <salary>Salary:20000</salary>
  </employee>
  <employee>
    <name id="1">Name:Rutuja Sabale</name>
    <position>Position:System Engineer</position>
    <joinyear>Joining year:2005</joinyear>
    <salary>Salary:25000</salary>
  </employee>
  <employee>
    <name id="1">Name:Priti Garudkar</name>
    <position>Position:Web Developer</position>
    <joinyear>Joining year:40000</joinyear>
    <salary>Salary:9000</salary>
  </employee>
  <employee>
    <name id="1">Name:Pranoti Bartakke</name>
    <position>Position:Software Developer</position>
    <joinyear>Joining year:2010</joinyear>
    <salary>Salary:35000</salary>
  </employee>
  <employee>
    <name id="1">Name:Mansi Raut</name>
    <position>Position:Testers</position>
    <joinyear>Joining year:2010</joinyear>
    <salary>Salary:20000</salary>
  </employee>
  <employee>
    <name id="1">Name:Rutuja Sabale</name>
    <position>Position:System Engineer</position>
    <joinyear>Joining year:2005</joinyear>
    <salary>Salary:25000</salary>
  </employee>
  <employee>
    <name id="1">Name:Priti Garudkar</name>
    <position>Position:Web Developer</position>
    <joinyear>Joining year:40000</joinyear>
    <salary>Salary:9000</salary>
  </employee>
</employees>